MAE,RMSE,MAPE,sMAPE,COV_p10_p90_%
1.0208549325921457,1.451973605690116,52.82410686885611,98.71666147890423,81.69642857142857
