MAE,RMSE,MAPE,sMAPE,COV_p10_p90_%
1.0347962927023349,1.4695243135918634,50.72842493944406,96.73457354890894,20.089285714285715
