MAE,RMSE,MAPE,sMAPE,COV_p10_p90_%
1.0620616116378057,1.5070561732211865,56.29116918599042,96.62341584173059,21.428571428571427
