h,MAE,RMSE,MAPE,sMAPE,COV_p10_p90_%
1,1.2245093912351876,1.7284231416245541,56.6458148739106,93.86561071183255,18.75
2,1.0795381958596408,1.5275839004354947,53.952659910375424,95.0694780013712,12.5
3,0.9590685791918077,1.1919709693749012,49.38282937875816,68.40999281452082,21.875
4,1.055009272415191,1.3717535345067169,53.522881154830635,80.26248833402155,28.125
5,1.4077940888237208,2.104884350675777,45.094540983006574,95.2829228562961,15.625
6,0.9339569620788097,1.2378466495495426,49.088188229749605,127.4005933103545,12.5
7,0.583697559311986,0.7281811721717484,45.94013575050566,116.85092881396591,31.25
