MAE,RMSE,MAPE,sMAPE,COV_p10_p90_%
1.1258395358540354,1.5795105972529289,50.612770994117504,99.07561122327363,79.01785714285714
