MAE,RMSE,MAPE,sMAPE,COV_p10_p90_%
1.0208570892815756,1.4519668088131477,52.82464613411779,98.7165107846503,81.69642857142857
