MAE,RMSE,MAPE,sMAPE,COV_p10_p90_%
1.0208572756456276,1.4519701404956942,52.824622741697446,98.71666240822107,81.69642857142857
