MAE,RMSE,MAPE,sMAPE
1.1921768707482994,1.7855952341267196,64.9300225788321,82.17624474604864
