MAE,RMSE,MAPE,sMAPE
1.0200788991557672,1.4118576851668585,53.971756815707586,96.90420823633981
