MAE,RMSE,MAPE,sMAPE
1.1921768707482994,1.7855952341267196,64.93002257883211,82.17624474604864
