MAE,RMSE,MAPE,sMAPE,COV_p10_p90_%
1.0744471170160734,1.4532196229400218,55.95580190518776,99.13812479442548,64.28571428571429
