MAE,RMSE,MAPE,sMAPE
1.1008916326201728,1.4683883091122747,56.86154718539122,97.33376374358969
