MAE,RMSE,MAPE,sMAPE,COV_p10_p90_%
1.065963962556576,1.4730665548751818,55.98755257963989,98.04828809494724,65.17857142857143
