h,MAE,RMSE,MAPE,sMAPE,COV_p10_p90_%
1,1.081485452872949,1.4763327086123048,41.55778117307339,87.71846944115292,68.75
2,1.0868050114947352,1.580461800900454,46.019082985226504,100.19849185150326,65.625
3,1.1343518363399023,1.5179458392313039,51.03250341944753,83.3967174255385,62.5
4,1.0184578497110133,1.2860231237448165,73.64599131074247,82.7966127668149,68.75
5,1.2189896435942607,1.7092454383559816,51.703949510798964,95.03310845912092,56.25
6,1.2631860924994107,1.7327607528231637,75.91309019853725,123.17993025484448,62.5
7,0.6584718513837615,0.7937650246186053,56.57240322329681,114.01468646565576,71.875
