MAE,RMSE,MAPE,sMAPE,COV_p10_p90_%
1.0813829200674914,1.450198806165031,58.11030549080235,95.62661442263757,17.857142857142858
