MAE,RMSE,MAPE,sMAPE,COV_p10_p90_%
1.0540680453746714,1.4215344597591448,53.57481201282048,94.27339470909122,18.75
