h,MAE,RMSE,MAPE,sMAPE,COV_p10_p90_%
1,1.3147788245696574,1.7020688503844608,61.13127493833655,95.9712304248705,12.5
2,1.0117510301060975,1.360500757645039,46.48954543501439,89.6736591670378,18.75
3,0.8725211874116212,1.0339409449681174,46.43376669181244,64.86318512486832,18.75
4,1.0417073010466993,1.2715304349386451,60.838808558690246,77.92756558776605,12.5
5,1.3441624176921323,1.9915884811661944,49.08319037646734,92.71747616316145,25.0
6,1.1215346273966134,1.4097550356625532,67.65811027338107,128.11666557573008,9.375
7,0.6720209293998778,0.8704386224373546,46.41576210657756,110.64398092020431,34.375
