MAE,RMSE,MAPE,sMAPE
1.1221101513777314,1.577073322666212,47.542892597250344,97.34588098262145
