h,MAE,RMSE,MAPE,sMAPE,COV_p10_p90_%
1,1.2939375098787456,1.81543948671384,49.42500322882029,97.64409074888316,71.875
2,1.155642915663155,1.6420308519903166,52.70708814394606,100.35035183781429,81.25
3,1.2287884907528022,1.591473973087985,49.030049197515986,78.30511380469474,71.875
4,0.9984362179324666,1.3991737013759145,44.401633720513274,78.73423634862975,81.25
5,1.5183036000908188,2.1572321749103516,51.272682277914825,101.87048838707204,68.75
6,0.9698985666583609,1.2032807008049786,59.71458256394327,127.23656724463928,84.375
7,0.7158694500018981,0.938018488088413,52.070688554095824,109.38843019118217,90.625
