MAE,RMSE,MAPE,sMAPE,COV_p10_p90_%
1.1257163131454526,1.5787376758986993,50.6397435389931,99.11155961674822,78.125
