h,MAE,RMSE,MAPE,sMAPE,COV_p10_p90_%
1,1.239872202394534,1.851111931793478,48.132829501841975,97.27042590526924,68.75
2,0.9055990494088615,1.2752285172878255,44.47480610328014,95.15604737380046,87.5
3,0.9333656426657729,1.2349571964102275,43.51260545263518,72.31491773248439,84.375
4,1.0522890710118271,1.4199095632226628,54.12532793668336,86.94253973739777,81.25
5,1.2365220573659692,1.8128889201285616,47.64701077769099,95.92811965051061,75.0
6,0.9001834931616436,1.2256045539408087,66.32491664891324,126.53623608960407,90.625
7,0.8781681089624201,1.1724738538112585,76.24736615615494,116.86728900348551,84.375
